Galaxy Name,Fit Model,Re,Rs,i_bulge,i_disk,q_bulge,q_disk,z,Magnitude,n,Class
AT2016fnl,Sersic+exp+ps,22.18±0.45,16.91±0.07,70.1,83.7,0.34±0.00,0.11±0.00,0.1633,14.89±0.01,4.70±0.13,H+He
AT2017eqx,Sersic,2.30±0.18,--,56.6,--,0.55±0.07,--,0.1089,20.28±0.02,1.02±0.48,He
AT2018zr,Sersic,6.62±0.20,--,45.6,--,0.70±0.02,--,0.071,18.14±0.02,1.69±0.07,H
AT2018bsi,Sersic+exp,4.96±0.08,15.65±0.21,42.3,43.9,0.74±0.01,0.72±0.00,0.051,15.61±0.02,1.06±0.02,H+He
AT2018hco,Sersic,3.45±0.11,--,21.6,--,0.93±0.03,--,0.09,18.79±0.02,2.07±0.17,H
AT2018mli,Sersic+exp,1.21±0.04,5.75±0.17,45.6,18.2,0.70±0.04,0.95±0.02,0.076,17.78±0.03,1.20±0.34,H+He
AT2018hyz,Sersic+exp,0.76±0.09,3.40±0.02,84.8,34.9,0.09±0.12,0.82±0.01,0.04573,17.02±0.06,4.72±0.96,H+He
AT2018iih,Sersic,3.13±0.16,--,70.7,--,0.33±0.04,--,0.212,19.55±0.02,1.99±0.42,He
AT2019vcb,Sersic,2.02±0.06,--,19.9,--,0.94±0.03,--,0.089,18.43±0.01,3.28±0.29,H+He
AT2019dsg,Sersic+exp,6.42±0.52,11.65±0.31,55.2,14.1,0.57±0.01,0.97±0.03,0.0512,16.35±0.10,3.62±0.19,H+He
AT2019bhf,Sersic,5.61±0.15,--,25.8,--,0.90±0.02,--,0.1206,18.31±0.02,1.84±0.07,H+He
AT2019ehz,Sersic,6.01±0.37,--,63.3,--,0.45±0.02,--,0.074,18.58±0.03,3.45±0.32,H
AT2019gte,Sersic+exp,5.08±0.25,12.54±0.07,37.8,82.5,0.79±0.01,0.13±0.00,0.086,16.37±0.02,5.78±0.26,He
AT2019lwu,Sersic,2.33±0.16,--,24.5,--,0.91±0.06,--,0.117,19.66±0.03,2.61±0.56,H
AT2019teq,Sersic,7.84±0.07,--,60.0,--,0.50±0.00,--,0.0878,17.99±0.01,0.78±0.02,H+He
AT2020ddv,Sersic,3.66±0.38,--,53.8,--,0.59±0.08,--,0.16,19.57±0.08,2.81±0.96,He
AT2020mot,Sersic,3.72±0.11,--,30.7,--,0.86±0.02,--,0.07,17.29±0.02,3.62±0.26,H+He
AT2020mbq,Sersic,4.87±1.10,--,36.9,--,0.80±0.07,--,0.093,19.49±0.10,5.98±1.30,H
AT2020afhd,Sersic+exp,3.63±0.96,11.32±0.08,14.1,35.9,0.97±0.03,0.81±0.01,0.027,15.50±0.14,5.89±1.08,H+He
AT2020pj,Sersic,5.25±0.21,--,45.6,--,0.70±0.02,--,0.068,17.88±0.02,3.49±0.21,H+He
AT2020ksf,Sersic,4.91±0.14,--,24.5,--,0.91±0.02,--,0.0942,17.84±0.02,3.00±0.12,H+He
AT2020ocn,Sersic,4.61±0.18,--,27.1,--,0.89±0.02,--,0.07,17.53±0.02,4.82±0.26,He
AT2020neh,Sersic,5.54±0.16,--,23.1,--,0.92±0.01,--,0.062,17.45±0.02,3.45±0.12,H+He
AT2020nov,Sersic+exp,1.51±0.02,8.87±0.18,19.9,37.8,0.94±0.01,0.79±0.01,0.084,16.70±0.02,1.37±0.13,H+He
AT2020qhs,Sersic,4.65±0.84,--,55.9,--,0.56±0.08,--,0.345,20.00±0.10,2.91±0.91,--
AT2020opy,Sersic,1.34±0.08,--,28.4,--,0.88±0.05,--,0.159,19.13±0.03,3.49±0.72,H+He
AT2020ukj,Sersic+exp,2.35±0.04,9.61±0.19,34.9,21.6,0.82±0.01,0.93±0.01,0.066,16.72±0.03,1.34±0.10,--
AT2020wey,Sersic+exp,3.32±0.73,8.47±0.13,56.6,59.3,0.55±0.02,0.51±0.01,0.02738,16.68±0.17,3.63±0.74,H+He
AT2020vwl,Sersic+exp,6.42±0.69,9.36±0.26,39.6,36.9,0.77±0.01,0.80±0.01,0.0325,16.56±0.11,4.22±0.27,H+He
AT2020yue,Sersic,4.83±0.66,--,46.4,--,0.69±0.06,--,0.204,19.28±0.08,3.71±0.76,H
AT2020zso,Sersic+psf,14.39±0.12,--,58.0,--,0.53±0.00,--,0.061,17.39±0.01,0.69±0.02,H+He
AT2021ack,Sersic,6.02±0.81,--,27.1,--,0.89±0.05,--,0.133,18.60±0.08,2.72±0.44,H+He
AT2021gje,Sersic,1.93±0.23,--,25.8,--,0.90±0.10,--,0.358,20.14±0.05,2.80±1.02,He
AT2021ehb,Sersic+exp,20.12±0.18,15.77±0.32,63.9,81.4,0.44±0.00,0.15±0.00,0.018,14.96±0.03,3.64±0.04,--
AT2021jsg,Sersic,1.73±0.11,--,61.3,--,0.48±0.07,--,0.126,19.79±0.01,1.28±0.51,H+He
AT2021crk,Sersic,6.07±0.40,--,52.4,--,0.61±0.03,--,0.1555,18.85±0.04,2.14±0.22,H+He
AT2021qxv,Sersic,5.82±0.26,--,42.3,--,0.74±0.03,--,0.183,18.99±0.03,1.45±0.11,He
AT2021nwa,Sersic+exp,3.14±0.24,10.60±0.41,70.7,48.7,0.33±0.01,0.66±0.02,0.047,16.88±0.08,3.43±0.36,H+He
AT2021mhg,Sersic,1.83±0.07,--,44.8,--,0.71±0.03,--,0.073,19.08±0.01,1.97±0.29,H+He
AT2021sdu,Sersic+psf,12.23±0.12,--,36.9,--,0.80±0.01,--,0.059,16.78±0.04,0.66±0.02,H+He
AT2021uqv,Sersic,4.68±0.16,--,40.5,--,0.76±0.02,--,0.106,18.12±0.02,3.46±0.18,H+He
AT2021utq,Sersic,1.40±0.19,--,50.2,--,0.64±0.10,--,0.127,19.60±0.03,2.07±1.18,H
AT2021axu,Sersic,1.08±0.10,--,38.7,--,0.78±0.09,--,0.192,19.72±0.03,4.03±1.38,H+He
AT2021jjm,Sersic,0.78±0.18,--,18.2,--,0.95±0.23,--,0.153,19.85±0.04,2.98±2.15,H
AT2021yte,Sersic,4.63±0.31,--,32.9,--,0.84±0.04,--,0.053,18.70±0.04,2.65±0.34,H+He
AT2022rz,Sersic,2.71±0.24,--,53.1,--,0.60±0.08,--,0.107,20.37±0.04,1.36±0.51,H+He
AT2022csn,Sersic,1.73±0.15,--,24.5,--,0.91±0.07,--,0.148,18.91±0.04,5.38±1.33,H+He
AT2022arb,Sersic,4.32±0.33,--,30.7,--,0.86±0.03,--,0.062,18.50±0.04,5.21±0.50,H+He
AT2022agi,Sersic,1.75±0.02,--,11.5,--,0.98±0.01,--,0.11783,17.35±0.01,3.30±0.12,H+He
AT2022adm,Sersic,3.57±0.05,--,58.7,--,0.52±0.01,--,0.061,17.89±0.01,2.90±0.13,H+He
AT2022aee,Sersic,2.77±0.16,--,19.9,--,0.94±0.06,--,0.124,19.01±0.02,1.22±0.36,H
AT2022czy,Sersic,4.08±0.17,--,69.5,--,0.35±0.02,--,0.109,18.70±0.03,3.78±0.42,H
AT2022emf,Sersic,4.96±0.31,--,49.5,--,0.65±0.04,--,0.081,18.63±0.04,2.48±0.29,H+He
AT2022exr,Sersic,7.28±0.27,--,44.8,--,0.71±0.01,--,0.096,17.96±0.02,3.11±0.12,H
AT2022fpx,Sersic,10.74±1.06,--,19.9,--,0.94±0.02,--,0.073,17.75±0.05,5.63±0.36,H+He
AT2022hvp,Sersic,4.95±0.13,--,65.8,--,0.41±0.01,--,0.12,18.03±0.02,3.16±0.20,He
AT2022lri,Sersic+exp,4.27±0.51,8.91±0.28,44.8,25.8,0.71±0.01,0.90±0.01,0.032,16.63±0.15,1.75±0.20,H+He
AT2022pna,Sersic,1.70±0.07,--,43.1,--,0.73±0.03,--,0.095,18.28±0.02,6.47±0.74,H+He
AT2022upj,Sersic+exp,1.56±0.08,7.00±0.09,36.9,19.9,0.80±0.03,0.94±0.01,0.054,16.54±0.01,0.35±0.20,He
AT2023rvb,Sersic+psf,18.33±0.18,--,39.6,--,0.77±0.01,--,0.0815,16.70±0.03,0.59±0.01,H+He
AT2023mhs,Sersic,5.04±0.04,--,25.8,--,0.90±0.01,--,0.0482,16.88±0.00,0.85±0.02,H+He
AT2023kvy,Sersic,2.84±0.38,--,51.7,--,0.62±0.10,--,0.16,19.70±0.08,3.67±1.46,H
AT2023mfm,Sersic,15.69±0.47,--,50.2,--,0.64±0.01,--,0.087,16.62±0.02,4.39±0.09,H
AT2023tmq,Sersic,5.31±0.08,--,47.2,--,0.68±0.01,--,0.077,17.53±0.01,1.99±0.05,H+He
AT2023ugy,Sersic,2.07±0.02,--,24.5,--,0.91±0.01,--,0.106,17.82±0.00,2.18±0.07,H
AT2023wdb,Sersic,8.11±0.28,--,45.6,--,0.70±0.01,--,0.06,17.81±0.02,2.87±0.11,H+He
AT2024yqo,2Sersic+exp,11.86±2.22,18.73±0.70,68.3,27.1,0.37±0.02,0.89±0.02,0.0617,15.74±0.14,3.89±0.39,H+He
AT2024tvd,Sersic+psf,29.74±0.42,--,57.3,--,0.54±0.00,--,0.0449,15.07±0.02,5.06±0.06,H+He
AT2024admt,Sersic,4.82±0.86,--,30.7,--,0.86±0.05,--,0.1105,19.05±0.08,5.92±1.19,He
AT2024mvz,Sersic,2.51±0.12,--,28.4,--,0.88±0.04,--,0.08,18.83±0.02,2.89±0.41,H+He
AT2024qab,Sersic,3.55±0.15,--,66.4,--,0.40±0.03,--,0.1398,19.20±0.03,2.73±0.40,H+He
AT2024rny,Sersic,2.81±0.07,--,55.9,--,0.56±0.03,--,0.1055,19.44±0.01,0.51±0.15,H+He
AT2024ule,Sersic,5.87±0.26,--,41.4,--,0.75±0.03,--,0.112,18.91±0.03,1.75±0.11,H+He
AT2024vip,Sersic,5.27±0.17,--,67.7,--,0.38±0.01,--,0.089,17.88±0.02,2.68±0.15,H+He
AT2024wsd,Sersic,6.33±0.55,--,55.9,--,0.56±0.03,--,0.063,18.52±0.05,3.06±0.35,H+He
ASASSN14ae,Sersic,10.30±0.14,--,74.9,--,0.26±0.00,--,0.0436,16.62±0.01,2.78±0.05,H+He
ASASSN14li,Sersic+exp,1.56±0.01,5.63±0.05,74.9,29.5,0.26±0.01,0.87±0.01,0.0206,15.63±0.01,2.15±0.07,H+He
ASASSN15oi,Sersic,8.77±0.15,--,60.0,--,0.50±0.01,--,0.0484,16.93±0.01,1.87±0.04,H+He
iPTF15af,Sersic,5.51±0.18,--,33.9,--,0.83±0.02,--,0.079,18.04±0.02,2.71±0.14,H+He
iPTF16axa,Sersic,6.51±0.22,--,53.8,--,0.59±0.02,--,0.108,18.68±0.02,1.92±0.11,H+He
LSQ12dyw,Sersic,1.29±0.11,--,38.7,--,0.78±0.06,--,0.09,18.81±0.03,4.09±1.19,H+He
PTF09djl,Sersic,1.24±0.09,--,35.9,--,0.81±0.09,--,0.184,19.99±0.02,1.55±0.66,H
PTF09ge,Sersic+exp,0.95±0.11,6.92±0.11,63.3,60.7,0.45±0.05,0.49±0.01,0.064,17.44±0.06,5.96±1.53,H+He
AT2019cho,Sersic,4.52±0.36,--,71.9,--,0.31±0.06,--,0.193,20.40±0.06,2.14±0.59,H+He
AT2019mha,Sersic,3.59±0.23,--,57.3,--,0.54±0.04,--,0.148,19.23±0.04,2.53±0.44,H+He
AT2020vdq,Sersic,1.16±0.05,--,68.9,--,0.36±0.04,--,0.044,18.35±0.01,4.07±0.64,H+He
AT2021qth,Sersic,2.39±0.13,--,37.8,--,0.79±0.05,--,0.0805,19.46±0.03,1.77±0.40,H+He
AT2022dbl,Sersic+exp,5.25±0.36,17.19±0.29,21.6,39.6,0.93±0.01,0.77±0.01,0.0284,15.74±0.06,2.82±0.17,H+He
AT2022dsb,Sersic+exp,1.72±0.02,32.38±0.22,29.5,67.0,0.87±0.01,0.39±0.00,0.023,14.80±0.01,2.48±0.09,H+He
AT2022gdw,Sersic,8.87±0.74,--,37.8,--,0.79±0.03,--,0.105,17.98±0.05,3.14±0.25,He
AT2022gri,Sersic+exp+ps,7.43±0.04,12.63±0.29,67.0,60.7,0.39±0.00,0.49±0.00,0.028,15.58±0.03,0.62±0.02,H+He
AT2023cvb,Sersic+exp,7.46±0.69,8.50±0.06,86.6,47.2,0.06±0.02,0.68±0.01,0.071,16.65±0.08,3.08±0.33,H
AT2023xen,Sersic,7.13±0.11,--,32.9,--,0.84±0.01,--,0.1335,17.94±0.01,1.19±0.03,H+He
AT2024aepd,Sersic,5.48±0.23,--,52.4,--,0.61±0.02,--,0.0835,18.24±0.02,3.13±0.17,H+He
AT2024as,Sersic,1.83±0.05,--,29.5,--,0.87±0.02,--,0.13,18.32±0.02,5.34±0.43,H
AT2024bgz,Sersic+exp+psf,17.14±0.11,8.54±0.24,47.2,50.9,0.68±0.01,0.63±0.02,0.0585,15.96±0.11,0.31±0.01,H+He
AT2024lhc,Sersic,3.43±0.12,--,0.0,--,1.00±0.03,--,0.2045,18.92±0.02,1.84±0.17,--
AT2024pvu,Sersic,6.28±0.10,--,58.0,--,0.53±0.00,--,0.048,16.14±0.01,5.48±0.09,--
AT2024ymu,Sersic,11.23±0.77,--,49.5,--,0.65±0.01,--,0.12,17.26±0.03,4.86±0.25,--
AT2017gge,Sersic+exp,1.01±0.17,20.00±0.18,48.7,58.0,0.66±0.10,0.53±0.00,0.066,16.38±0.01,1.09±0.84,H
AT2023lli,Sersic+psf,14.72±0.16,--,55.9,--,0.56±0.00,--,0.036,16.23±0.01,1.39±0.04,H
AT2022dyt,Sersic + exp,13.77±0.09,2.84±0.04,50.9,74.3,0.63±0.00,0.27±0.01,0.072,16.52±0.03,0.50±0.01,H
AT2019qiz,2Sersic+exp,5.48±0.08,32.08±0.19,42.3,32.9,0.74±0.01,0.84±0.00,0.151,14.38±0.01,1.63±0.04,H+He
